{
  "_fv": 24,
  "_type": "biome",
  "definition": {
    "name": "Alpha Biom",
    "groundBlock": {
      "value": "Blocks.GRASS"
    },
    "undergroundBlock": {
      "value": "Blocks.DIRT#0"
    },
    "grassColor": {
      "value": -16777216,
      "falpha": 0.0
    },
    "foliageColor": {
      "value": -13434829,
      "falpha": 0.0
    },
    "waterColor": {
      "value": -16764109,
      "falpha": 0.0
    },
    "waterFogColor": {
      "value": -16764109,
      "falpha": 0.0
    },
    "ambientSound": {
      "value": ""
    },
    "additionsSound": {
      "value": ""
    },
    "music": {
      "value": ""
    },
    "moodSound": {
      "value": ""
    },
    "moodSoundDelay": 6000,
    "spawnParticles": false,
    "particleToSpawn": {
      "value": "EXPLOSION_NORMAL"
    },
    "particlesProbability": 0.5,
    "biomeCategory": "NONE",
    "parent": {
      "value": "No parent"
    },
    "rainingPossibility": 0.7,
    "temperature": 0.5,
    "baseHeight": 0.5,
    "heightVariation": 0.7,
    "biomeType": "WARM",
    "spawnBiome": true,
    "biomeWeight": 1024,
    "biomeDictionaryTypes": [],
    "grassPerChunk": 2,
    "seagrassPerChunk": 0,
    "flowersPerChunk": 4,
    "mushroomsPerChunk": 0,
    "bigMushroomsChunk": 0,
    "sandPatchesPerChunk": 0,
    "gravelPatchesPerChunk": 0,
    "reedsPerChunk": 0,
    "cactiPerChunk": 0,
    "treesPerChunk": 1,
    "vanillaTreeType": "Big trees",
    "treeType": 0,
    "minHeight": 7,
    "treeStem": {
      "value": ""
    },
    "treeBranch": {
      "value": ""
    },
    "treeVines": {
      "value": ""
    },
    "treeFruits": {
      "value": ""
    },
    "spawnStronghold": false,
    "spawnMineshaft": false,
    "spawnMineshaftMesa": false,
    "spawnPillagerOutpost": false,
    "villageType": "none",
    "spawnWoodlandMansion": false,
    "spawnJungleTemple": false,
    "spawnDesertPyramid": false,
    "spawnSwampHut": false,
    "spawnIgloo": false,
    "spawnOceanMonument": false,
    "spawnShipwreck": false,
    "spawnShipwreckBeached": false,
    "spawnBuriedTreasure": false,
    "oceanRuinType": "NONE",
    "spawnNetherBridge": false,
    "spawnNetherFossil": false,
    "spawnBastionRemnant": false,
    "spawnEndCity": false,
    "spawnRuinedPortal": "NONE",
    "defaultFeatures": [
      "Caves",
      "FrozenTopLayer"
    ],
    "spawnEntries": []
  }
}