{
  "_fv": 24,
  "_type": "recipe",
  "definition": {
    "recipeType": "Crafting",
    "xpReward": 0.0,
    "cookingTime": 200,
    "recipeRetstackSize": 1,
    "group": "",
    "recipeShapeless": false,
    "recipeSlots": [
      {
        "value": "Items.GOLD_INGOT"
      },
      {
        "value": "Items.GOLD_INGOT"
      },
      {
        "value": "Items.GOLD_INGOT"
      },
      {
        "value": "Items.GOLD_INGOT"
      },
      {
        "value": "Items.COAL#0"
      },
      {
        "value": "Items.REDSTONE"
      },
      {
        "value": "Items.REDSTONE"
      },
      {
        "value": "Items.REDSTONE"
      },
      {
        "value": "Items.REDSTONE"
      }
    ],
    "recipeReturnStack": {
      "value": "CUSTOM:GoldenMixedRedstone"
    },
    "name": "craft_golden_mixed_redston",
    "namespace": "mod"
  }
}