{
  "_fv": 24,
  "_type": "recipe",
  "definition": {
    "recipeType": "Crafting",
    "xpReward": 0.0,
    "cookingTime": 200,
    "recipeRetstackSize": 1,
    "group": "",
    "recipeShapeless": false,
    "recipeSlots": [
      {
        "value": "Items.IRON_NUGGET"
      },
      {
        "value": "Blocks.IRON_BARS"
      },
      {
        "value": "Items.IRON_NUGGET"
      },
      {
        "value": "Blocks.IRON_BARS"
      },
      {
        "value": "CUSTOM:GoldenMixedRedstone"
      },
      {
        "value": "Blocks.IRON_BARS"
      },
      {
        "value": "Items.IRON_NUGGET"
      },
      {
        "value": "Blocks.IRON_BARS"
      },
      {
        "value": "Items.IRON_NUGGET"
      }
    ],
    "recipeReturnStack": {
      "value": "CUSTOM:Vent"
    },
    "name": "craft_vent",
    "namespace": "mod"
  }
}