{
  "_fv": 24,
  "_type": "tool",
  "definition": {
    "renderType": 0,
    "texture": "alpharium_axe",
    "customModelName": "Normal",
    "name": "Alpharium Axe",
    "specialInfo": [],
    "creativeTab": {
      "value": "CUSTOM:Alphatab"
    },
    "toolType": "Axe",
    "harvestLevel": 4,
    "efficiency": 4.0,
    "attackSpeed": 1.0,
    "enchantability": 15,
    "damageVsEntity": 4.0,
    "usageCount": 3500,
    "blocksAffected": [],
    "hasGlow": false,
    "repairItems": [
      {
        "value": "CUSTOM:Alphariumingot"
      }
    ],
    "immuneToFire": false,
    "stayInGridWhenCrafting": false,
    "damageOnCrafting": false
  }
}