{
  "_fv": 24,
  "_type": "dimension",
  "definition": {
    "biomesInDimension": [
      {
        "value": "CUSTOM:AlphaBiom"
      }
    ],
    "worldGenType": "Normal world gen",
    "mainFillerBlock": {
      "value": "CUSTOM:Alphariumore"
    },
    "fluidBlock": {
      "value": "Blocks.VOID_AIR"
    },
    "airColor": {
      "value": -16737793,
      "falpha": 0.0
    },
    "canRespawnHere": false,
    "hasFog": false,
    "isDark": false,
    "doesWaterVaporize": false,
    "sleepResult": "ALLOW",
    "hasSkyLight": false,
    "imitateOverworldBehaviour": false,
    "portalFrame": {
      "value": "CUSTOM:RubyOreNether"
    },
    "portalParticles": {
      "value": "CRIT"
    },
    "portalLuminance": 0,
    "portalSound": {
      "value": "ambient.basalt_deltas.additions"
    },
    "igniterName": "Alpha Dimension Portal Igniter",
    "igniterTab": {
      "value": "CUSTOM:Alphatab"
    },
    "texture": "alpharium_ingot",
    "portalTexture": "alpharium_ore",
    "enablePortal": true
  }
}