{
  "variants": {
    "age=0": {
      "model": "actuallyadditions:block/coffee_1"
    },
    "age=1": {
      "model": "actuallyadditions:block/coffee_2"
    },
    "age=2": {
      "model": "actuallyadditions:block/coffee_2"
    },
    "age=3": {
      "model": "actuallyadditions:block/coffee_2"
    },
    "age=4": {
      "model": "actuallyadditions:block/coffee_3"
    },
    "age=5": {
      "model": "actuallyadditions:block/coffee_3"
    },
    "age=6": {
      "model": "actuallyadditions:block/coffee_3"
    },
    "age=7": {
      "model": "actuallyadditions:block/coffee_4"
    }
  }
}