{
  "variants": {
    "facing=north,lit=false": {
      "model": "actuallyadditions:block/crusher_double"
    },
    "facing=south,lit=false": {
      "model": "actuallyadditions:block/crusher_double",
      "y": 180
    },
    "facing=west,lit=false": {
      "model": "actuallyadditions:block/crusher_double",
      "y": 270
    },
    "facing=east,lit=false": {
      "model": "actuallyadditions:block/crusher_double",
      "y": 90
    },
    "facing=north,lit=true": {
      "model": "actuallyadditions:block/crusher_double"
    },
    "facing=south,lit=true": {
      "model": "actuallyadditions:block/crusher_double",
      "y": 180
    },
    "facing=west,lit=true": {
      "model": "actuallyadditions:block/crusher_double",
      "y": 270
    },
    "facing=east,lit=true": {
      "model": "actuallyadditions:block/crusher_double",
      "y": 90
    }
  }
}